John,Doe,35
Jane,Smith,28
Michael,Johnson,42
Emily,Williams,31
David,Brown,29
Sarah,Jones,36
James,Garcia,40
Linda,Miller,45
Robert,Davis,33
Patricia,Martinez,38
William,Rodriguez,50
Elizabeth,Hernandez,27
Thomas,Wilson,44
Jennifer,Anderson,39
Charles,Taylor,34
Mary,Thomas,37
Joseph,Moore,41
Maria,Jackson,32
Daniel,White,48
Susan,Harris,29
Paul,Clark,53
Karen,Lewis,26
Mark,Robinson,55
Lisa,Walker,30
Steven,Young,47
Nancy,Hall,33
George,Allen,52
Betty,King,49
Kenneth,Wright,43
Sandra,Scott,36
Edward,Green,54
Margaret,Adams,31
Brian,Baker,46
Ruth,Nelson,28
Ronald,Carter,57
Dorothy,Mitchell,35
Anthony,Perez,58
Sharon,Roberts,39
Kevin,Turner,60
Jessica,Phillips,34
Jason,Campbell,59
Shirley,Parker,37
Matthew,Evans,61
Cynthia,Edwards,42
Gary,Collins,62
Angela,Stewart,40
Timothy,Sanchez,63
Brenda,Morris,43
Jose,Rogers,64
Pamela,Reed,44
Larry,Cook,65
Nicole,Morgan,45
Jeffrey,Bell,66
Katherine,Murphy,47
Frank,Bailey,67
Amy,Rivera,48
Scott,Cooper,68
Anna,Richardson,49
Eric,Cox,69
Rebecca,Howard,50
Stephen,Ward,70
Virginia,Torres,51
Andrew,Peterson,71
Martha,Gray,52
Raymond,Ramirez,72
Debra,James,53
Gregory,Watson,73
Amanda,Brooks,54
Joshua,Kelly,74
Melissa,Sanders,55
Jerry,Price,75
Carol,Bennett,56
Dennis,Barnes,76
Michelle,Ross,57
Alexander,Henderson,77
Emily,Gomez,58
Ryan,Flores,78
Laura,Coleman,59
Jacob,Simmons,79
Heather,Patterson,60